Ticker,Name,Sector,Price,Dividend Yield,1-Year Dividend Growth,5-Year Dividend Growth (Annualized),Dividends Per Share (TTM),Market Cap ($M),Trailing P/E Ratio,Payout Ratio,Beta,52-Week High,52-Week Low
ABC,Amerisource Bergen Corp.,Healthcare,149.61,0.0129670477,0.0543478261,0.0500056317,1.87708259,31582.61606,18.26154757,0.227801285,,174.09,133.89
ABM,ABM Industries Inc.,Industrials,44.25,0.0198870056,0.128205128,0.0468318471,0.799449933,3226.863595,14.00548435,0.234442796,,53.24,37.32
ABT,Abbott Laboratories,Healthcare,97.8,0.0208588957,0.085106383,0.127411418,1.907188983,181528.484,26.1832517,0.485289818,,122.66,92.83
ACN,Accenture plc,Technology,246.17,0.0181988057,N/A,N/A,4.155571744,177238.1877,25.13626432,0.378122998,,340.14,241.96
ADI,Analog Devices Inc.,Technology,182.93,0.0188050074,0.131578947,0.123702748,3.119125149,94215.02794,27.46827452,0.471166941,,195.5,132.27
ADM,Archer Daniels Midland Co.,Consumer Defensive,76.81,0.0234344486,0.125,0.060800074,1.638251872,44421.5836,10.23538793,0.21248403,,97.59,69.02
ADP,Automatic Data Processing Inc.,Industrials,213.25,0.0234466589,0.201923077,0.126191343,4.341176811,93125.50907,29.60030166,0.576517505,,274.92,194.82
AEL,American Equity Investment Life Holding Co,Financial Services,33.09,0.0108794198,N/A,N/A,0.360000014,3582.819324,3.043331068,0.0279937803,,48.37,28.05
AEP,American Electric Power Company Inc.,Utilities,92.59,0.035857004,0.0641025641,0.0600766794,3.177709773,45780.32916,19.84237567,0.707730462,,103.66,78.82
AFG,American Financial Group Inc,Financial Services,115.96,0.0224215247,6.142857143,0.148698355,2.242704461,11315.4286,12.6007,0.21298238,,143.91,112.87
AFL,Aflac Inc.,Financial Services,61.24,0.0274330503,0.05,0.100665081,1.605731212,41899.55987,9.97371099,0.243661792,,73.58,51.13
AGM,Federal Agricultural Mortgage Corp.,Financial Services,125.93,0.0301754943,0.157894737,0.136561494,3.750781193,1496.288565,9.910574088,0.270424023,,148.5,88.53
AGO,Assured Guaranty Ltd,Financial Services,49.58,0.0209762001,0.12,0.118426915,0.993503721,3514.438449,28.57267032,0.517449855,,67.13,45.72
AIT,Applied Industrial Technologies Inc.,Industrials,133.58,0.0104806109,0.0294117647,0.0313103065,1.364728433,5571.864818,18.28303567,0.175189786,,149.06,87.39
AIZ,Assurant Inc,Financial Services,111.22,0.0251753282,0.0294117647,0.0456395526,2.74597875,6691.172052,24.19078833,0.543758168,,191.54,118.36
AJG,Arthur J. Gallagher & Co.,Financial Services,177.09,0.0124230617,0.0784313725,0.0605124383,2.071488859,40092.12882,35.98288352,0.399130801,,201.78,146.82
ALB,Albemarle Corp.,Basic Materials,214.4,0.00736940299,0.0126582278,0.0361032521,1.576483568,30397.63929,11.30101066,0.0690229233,,334.02,168.91
ALE,"Allete, Inc.",Utilities,63.27,0.042832306,0.0423076923,0.0388294535,2.585256812,3563.990784,18.82720964,0.764868879,,66.69,46.73
ALL,Allstate Corp (The),Financial Services,110.61,0.032185155,0.0470588235,0.141107172,3.406193229,33740.43446,N/A,N/A,,141.19,109.63
AMGN,AMGEN Inc.,Healthcare,234.9,0.0362707535,0.0979381443,0.100426738,7.858178585,125382.9604,19.13659347,0.648899966,,292.06,219.1
AMP,Ameriprise Financial Inc,Financial Services,283.54,0.0176341962,0.10619469,0.0679071658,4.970864125,36706.48445,14.34407364,0.220829148,,357.46,217.31
ANDE,Andersons Inc.,Consumer Defensive,39.59,0.0186915888,0.0277777778,0.0231458731,0.719106123,1553.574514,11.8521095,0.188741765,,58.03,29.03
ANTM,Anthem Inc,Healthcare,482.58,0.00994952483,N/A,N/A,4.801441692,116342.6931,18.63271831,0.189033137,0.688187555,532.31,352.54
AON,Aon plc.,Financial Services,285.85,0.00783627777,N/A,N/A,2.233805206,62377.64318,0,N/A,,339.47,244.83
AOS,A.O. Smith Corp.,Industrials,66.67,0.0179991,0.0714285714,0.107566343,1.151223839,10408.59665,36.12422477,0.762399894,,71.87,46.08
APD,Air Products & Chemicals Inc.,Basic Materials,277.04,0.0252671094,0.08,0.0804992403,6.421524823,65465.58282,28.86616818,0.63017908,,326.85,210.83
APH,Amphenol Corp.,Technology,76.04,0.0110468175,N/A,N/A,0.806644015,47068.89333,24.74314952,0.263609155,,82.64,61.33
APOG,Apogee Enterprises Inc.,Industrials,41.36,0.0232108317,0.0909090909,0.0878928858,0.892971833,1061.601803,15.70114923,0.303731916,,49.39,35.38
ARE,Alexandria Real Estate Equities Inc.,Real Estate,126.95,0.0381252462,0.052173913,0.0609833588,4.661855391,24895.11572,48.50315181,1.465992261,,201.73,125.67
ASB,Associated Banc-Corp.,Financial Services,19.19,0.0437727983,0.05,0.0696103757,0.809230858,3476.012379,9.863518388,0.345825153,,25.06,16.98
ASH,Ashland Inc,Basic Materials,95.36,0.0128625623,0.116666667,0.0602809528,1.333590461,5626.87814,6.122827138,0.0801918497,,113.98,82.49
ATO,Atmos Energy Corp.,Utilities,113.78,0.0260151169,0.0882352941,0.0881731261,2.822816658,16138.71088,20.2610175,0.496974764,,120.73,97.09
ATR,Aptargroup Inc.,Consumer Cyclical,111.38,0.0141856707,0,0.034967527,1.511933805,7864.400866,32.86583893,0.421151478,,121.28,89.58
ATRI,Atrion Corp.,Healthcare,594.01,0.0144778707,0.102564103,0.123702748,8.1575227,1106.578094,31.609292,0.417051263,,775.63,534.99
AUB,Atlantic Union Bankshares Corp,Financial Services,35.51,0.0311234454,0.0714285714,0.0545779433,1.158103403,2780.384485,12.48814008,0.389933806,,39.97,29.5
AVA,Avista Corp.,Utilities,41.37,0.0444766739,0.0454545455,0.0431008779,1.750646441,3116.001507,20.08043452,0.825776623,,44.93,34.91
AVGO,Broadcom Inc,Technology,626.04,0.0293910932,0.12195122,0.213232279,16.73059781,263812.6176,23.50642588,0.630629393,,635.73,411.63
AVNT,Avient Corp,N/A,37.91,0.0261144817,0.0421052632,0.0717843985,0.950784222,4039.81809,5.745723354,0.1246113,,53.76,27.45
AVY,Avery Dennison Corp.,Industrials,171.22,0.0175213176,N/A,N/A,2.984866657,14817.63662,19.57157128,0.324089756,,202.73,150.4
AWK,American Water Works Co. Inc.,Utilities,140.63,0.0186304487,0.0871369295,0.0755880802,2.602904216,25420.72424,31.00088322,0.577140624,,170.85,121.68
AWR,American States Water Co.,Utilities,87.4,0.0181922197,0.0890410959,0.0928470657,1.547614572,3223.751038,41.224965,0.733466622,,100.07,70.29
AXS,Axis Capital Holdings Ltd,Financial Services,52.86,0.0332954975,0.023255814,0.0244189743,1.709024972,5131.771904,26.61251914,0.759566654,,63.99,47.78
BANF,Bancfirst Corp.,Financial Services,82.62,0.0198499153,0.111111111,0.13754383,1.510451822,2960.84998,15.33324692,0.261776746,,117.02,73.74
BBY,Best Buy Co. Inc.,Consumer Cyclical,75.55,0.0487094639,0.257142857,0.143547034,3.460082092,18422.47844,11.88546996,0.513365295,,104.42,60.13
BCPC,Balchem Corp.,Basic Materials,126.88,0.00535001114,N/A,N/A,0.709999979,4269.207311,40.51749895,0.218461532,,143.04,109.5
BDX,"Becton, Dickinson And Co.",Healthcare,234.48,0.015523712,0.0459770115,0.0394318633,3.480910997,67347.14752,44.24911138,0.65677566,,274.41,215.1
BEN,"Franklin Resources, Inc.",Financial Services,26.9,0.0446096654,0.0344827586,0.0545779433,1.149480244,14802.63576,15.39055496,0.583492509,,34.37,20.01
BIP,Brookfield Infrastructure Partners L.P,Utilities,31.74,0.0482041588,N/A,N/A,1.533146699,15420.00758,0,N/A,,44.28,29.69
BK,Bank Of New York Mellon Corp,Financial Services,44.01,0.0336287207,0.0882352941,0.0904307661,1.432718275,41047.36723,17.37822491,0.494040785,,52.26,35.63
BKH,Black Hills Corporation,Utilities,61.46,0.040676863,0.0504201681,0.0564216223,2.406983487,4116.263575,15.93061406,0.60629307,,78.27,57.96
BLK,Blackrock Inc.,Financial Services,631.74,0.0316585937,0.0245901639,0.116645971,14.57317717,104450.336,20.17194592,0.428875137,,781.77,499.68
BMI,Badger Meter Inc.,Industrials,114.26,0.00787677227,0.125,0.115957957,0.872490081,3625.588669,54.52340997,0.386057558,,124.35,72.75
BMRC,Bank of Marin Bancorp,Financial Services,24.49,0.0408329931,0.0416666667,N/A,0.978620299,488.07157,11.24096756,0.359786875,,36.22,28.77
BMY,Bristol-Myers Squibb Co.,Healthcare,67.48,0.033787789,0.0555555556,0.0734034155,2.165518037,145445.1753,22.98801569,0.734073911,,80.8,64.94
BOKF,BOK Financial Corp.,Financial Services,87.49,0.0246885358,0.0188679245,0.0371372893,2.123229449,6949.66545,13.45608738,0.276462168,,109.7,69.09
BR,"Broadridge Financial Solutions, Inc.",Technology,136.15,0.0213000367,0.1328125,0.147120467,2.71150608,16960.74054,31.85115594,0.603898904,,181.63,130.69
BRC,Brady Corp.,Industrials,51.7,0.017794971,0.0222222222,0.0208030218,0.903260026,2586.938108,16.4006372,0.289506418,,56.35,40.32
BRO,"Brown & Brown, Inc.",Financial Services,53.43,0.00860939547,N/A,N/A,0.433809329,16136.55582,24.48271252,0.183041911,,73.47,52.62
CAH,"Cardinal Health, Inc.",Healthcare,69.82,0.0283586365,0.00998370008,0.0140052854,1.956809232,19374.45724,N/A,N/A,,81.05,48.57
CASS,Cass Information Systems Inc,Industrials,45.81,0.0253219821,0.0357142857,0.0220800938,1.129114183,669.065226,19.1687264,0.446290191,,51.17,30.95
CASY,"Casey`s General Stores, Inc.",Consumer Defensive,207.65,0.00732000963,0.0857142857,0.078852444,1.486318687,7942.793038,19.17219956,0.134265464,,249.49,169.65
CAT,Caterpillar Inc.,Industrials,217.26,0.0220933444,0.0810810811,0.089976987,4.67046857,131828.1671,19.66117331,0.369499096,,266.04,158.78
CB,Chubb Limited,Financial Services,187.4,0.0177161153,0.0375,0.0260087073,3.270304337,85637.15804,16.1184186,0.26078982,,231.37,173.11
CBOE,Cboe Global Markets Inc.,Financial Services,122.25,0.0163599182,0.0416666667,0.13115273,1.96839996,13366.92561,57.09921233,0.898812767,,131.5,102.13
CBSH,"Commerce Bancshares, Inc.",Financial Services,59.24,0.0182309251,0.0188679245,0.0281563932,1.021166614,8239.425201,17.02539979,0.265238081,,72.6,59.81
CBT,Cabot Corp.,Basic Materials,72.61,0.0175616858,0,0.0231458731,1.469210632,4712.028695,13.54031234,0.240067097,,83.74,58.78
CBU,"Community Bank System, Inc.",Financial Services,53.97,0.0326107097,0.023255814,0.0529184891,1.721881437,3208.130351,17.10564949,0.497653595,,72.08,54.63
CE,Celanese Corp,Basic Materials,102.31,0.0273678037,0.0294117647,0.0532727686,2.734267418,13509.3679,7.132718005,0.157685549,,158.33,85.57
CFR,Cullen Frost Bankers Inc.,Financial Services,106.59,0.0326484661,0.16,0.0536318491,3.329040576,8510.364188,15.00244892,0.378730441,,158.59,110.52
CHCO,City Holding Co.,Financial Services,92.53,0.0253376602,0.0833333333,0.0715960522,2.473969138,1439.169564,14.23327925,0.363818991,,102.27,71.58
CHD,"Church & Dwight Co., Inc.",Consumer Defensive,86.19,0.0126464787,0.0380952381,0.0461198649,1.054800746,20553.10818,49.65718332,0.627857587,,103.97,69.68
CHDN,"Churchill Downs, Inc.",Consumer Cyclical,240.25,0.00287752382,N/A,N/A,0.713999987,9275.716996,21.1099613,0.0625766859,,253.29,172.19
CHE,Chemed Corp.,Healthcare,516.09,0.00294522273,0.0555555556,0.0484131713,1.497460723,7795.205066,31.22778686,0.0905904854,,539.13,429.18
CHRW,"C.H. Robinson Worldwide, Inc.",Industrials,97.6,0.025,0.109090909,0.0580699997,2.241942877,11690.65635,12.42993942,0.302965254,0.750575329,119.91,86.07
CINF,Cincinnati Financial Corp.,Financial Services,107.51,0.027904381,0.0869565217,0.0719069302,2.733139093,19035.54171,N/A,N/A,,140.48,88.09
CL,Colgate-Palmolive Co.,Consumer Defensive,72.93,0.0263266146,0.0444444444,0.0227505307,1.862255253,61406.51152,34.40140701,0.874298241,,82.74,66.97
CLX,Clorox Co.,Consumer Defensive,156.34,0.0301906102,0.0172413793,0.0421306159,4.64205247,19248.88953,44.25032076,1.322522071,,157.77,117.54
CMCSA,Comcast Corp,Communication Services,35.89,0.0323209808,0.08,0.0728080722,1.075239806,156612.163,29.15884621,0.888627939,,47.99,28.39
CME,CME Group Inc,Financial Services,182.67,0.0240871517,0.1,0.079608473,8.365051555,66651.99498,25.0835447,1.130412372,,241.62,161.33
CMI,Cummins Inc.,Industrials,230.49,0.0272463014,0.0827586207,0.0776932914,6.102568098,36483.29856,16.9610872,0.403609001,,258.5,180.73
CMS,CMS Energy Corporation,Utilities,61.66,0.0316250405,0.0597826087,0.0639953128,1.846018086,17449.36327,21.09959283,0.647725644,,71.61,51.57
CNS,Cohen & Steers Inc.,Financial Services,63.82,0.0303928079,0.0363636364,0.0962622794,2.178860397,3520.207189,20.58095198,0.627913659,,84.67,50.99
COST,Costco Wholesale Corp,Consumer Defensive,485.66,0.00741259317,0.139240506,0.0956542577,3.590524642,210886.6616,35.84069709,0.271392641,,608.06,404.37
CPK,Chesapeake Utilities Corp,Utilities,127.99,0.0167200563,0.114583333,0.076540596,2.071760492,2295.207247,25.56023928,0.41106359,,140.55,105.32
CSCO,"Cisco Systems, Inc.",Technology,49.06,0.0317977986,0.027027027,0.0286175535,1.504024368,201842.1731,17.85897833,0.550924677,,55.59,38.3
CSL,Carlisle Companies Inc.,Industrials,222.63,0.0134752729,0.388888889,0.151786298,2.778872311,13576.84271,14.69355272,0.157890472,,316.06,215.63
CSX,CSX Corp.,Industrials,28.98,0.0151828847,0.1,N/A,0.407994625,64250.15927,15.42250583,0.209228013,,38.13,25.63
CTAS,Cintas Corporation,Industrials,432.34,0.0106397743,N/A,N/A,4.383700499,44901.00865,35.07543286,0.356688405,,469.02,341.17
CTBI,"Community Trust Bancorp, Inc.",Financial Services,38.92,0.0452209661,0.1,0.059223841,1.656213851,767.785797,9.384528279,0.361618745,,47.6,38.33
CUBE,CubeSmart,Real Estate,46.31,0.0423234723,0.139534884,0.103100204,1.75121312,10928.3199,37.52045367,1.357529551,,53.17,36.38
CVX,Chevron Corp.,Energy,153.8,0.0392717815,0.0633802817,0.061577695,5.698485004,314524.9503,8.868601446,0.311733315,,186.57,129.2
CWT,California Water Service Group,Utilities,56.73,0.0176273577,0.04,0.0675652166,1.00381908,3160.35544,32.91659748,0.567129424,,65.85,47.86
DCI,Donaldson Co. Inc.,Industrials,62.6,0.0146964856,0.0454545455,0.0389504775,0.914832226,8139.638079,23.73764386,0.332666264,,66.96,45.47
DDS,Dillard`s Inc.,Consumer Cyclical,327.64,0.00244170431,0,0.148698355,0.771636808,4741.487199,5.133196274,0.0151242024,,417.86,183.88
DFS,Discover Financial Services,Financial Services,96.25,0.0249350649,N/A,N/A,2.380080552,30062.21591,6.984715592,0.153751974,,119.25,86.55
DGX,"Quest Diagnostics, Inc.",Healthcare,132.85,0.0213774934,0.064516129,0.0570968684,2.632899023,15674.27882,16.63936181,0.329937221,,158.34,119.75
DLR,Digital Realty Trust Inc,Real Estate,105.26,0.0463613908,0,0.0385028468,4.803849106,30862.65811,91.59145926,4.251193899,,148.83,84.82
DOV,Dover Corp.,Industrials,140.33,0.0143946412,0.01,0.0144688215,2.004263523,21606.64638,20.28077071,0.270116378,,160.49,113.69
DTE,DTE Energy Co.,Utilities,108.97,0.0349637515,0.0762711864,0.0153833883,3.567896331,22492.04557,20.82596812,0.647531095,,137.14,99.84
DUK,Duke Energy Corp.,Utilities,96.83,0.0415160591,0.0203045685,0.0246020277,3.940651513,73457.95839,30.05644778,1.243107733,,111.92,82.06
ECL,"Ecolab, Inc.",Basic Materials,159.23,0.013314074,0.0392156863,0.0526849224,2.049309123,46481.10502,42.57681141,0.53787641,,183.57,130.56
ED,"Consolidated Edison, Inc.",Utilities,95.64,0.0338770389,0.0253164557,0.0252642057,3.139349005,32199.03295,19.3970078,0.672237474,,100.42,76.73
EGP,"Eastgroup Properties, Inc.",Real Estate,160.95,0.0310655483,0.136363636,0.14326263,4.644047233,7010.072632,37.65172053,1.065148448,,212.25,136.29
EIX,Edison International,Utilities,68.12,0.0433059307,0.0535714286,0.0404023632,2.790304676,25746.72316,42.06980909,1.743940422,,70.93,53.83
ELS,Equity Lifestyle Properties Inc.,Real Estate,66.04,0.027104785,0.131034483,N/A,1.624637018,12673.19922,44.52814269,1.112765081,,82.26,56.55
EMN,Eastman Chemical Co,Basic Materials,80.17,0.0394162405,0.0394736842,0.0712425456,3.03014363,10366.21461,13.07214958,0.477187973,,112.03,69.28
EMR,Emerson Electric Co.,Industrials,80.53,0.0258288836,0.00970873786,0.0140335426,2.043059875,48877.556,15.46268776,0.386211697,,99.06,71.15
ENSG,Ensign Group Inc,Healthcare,88.24,0.00260652765,0.0454545455,0.0502460726,0.222282963,5096.701825,22.68416922,0.056274168,,99.52,70.15
EPD,Enterprise Products Partners L P,Energy,25.17,0.0778704807,0.0537634409,0.0264682601,1.85341575,56636.33759,10.40917802,0.750370749,,27.1,21.68
ERIE,Erie Indemnity Co.,Financial Services,226.85,0.0195724047,0.0720720721,0.0721450259,4.493101621,10885.37766,36.45849923,0.786882946,,285.1,156.92
ES,Eversource Energy,Utilities,76.82,0.0351470971,0.0588235294,0.0597476909,2.556442379,26289.58958,18.71311653,0.63122034,,92.2,69.39
ESS,"Essex Property Trust, Inc.",Real Estate,216.79,0.0426218922,0.0526315789,0.0341462163,8.675102264,14979.864,36.6870284,1.383588878,,353.43,203.13
ETN,Eaton Corporation plc,Industrials,159.27,0.0215985434,0.0617283951,0.0543648111,4.058423344,70664.9,28.70223396,0.660981001,,177.66,120.62
EVR,Evercore Inc,Financial Services,114.55,0.0251418595,N/A,N/A,2.853272064,5109.382692,10.72228383,0.245759868,,136.63,77.71
EVRG,Evergy Inc,Utilities,60.29,0.0406369215,N/A,N/A,0,13666.18661,18.15621976,0,,71.18,53.56
EXPD,"Expeditors International Of Washington, Inc.",Industrials,105.69,0.0126785883,N/A,N/A,1.336046762,16891.14601,12.44375899,0.161749003,,119.9,85.57
EXR,Extra Space Storage Inc.,Real Estate,157.58,0.0411219698,0.08,0.135019473,5.920659057,22827.31927,26.55923739,0.975396879,,216.5,139.97
FAF,First American Financial Corp,Financial Services,55.02,0.0378044348,0.0196078431,0.0647409304,2.030164707,5631.080036,21.41095071,0.828638656,,67.78,43.1
FAST,Fastenal Co.,Industrials,51.56,0.0271528317,0.129032258,N/A,1.267554348,30649.16946,28.19870224,0.670663676,,59.21,43.14
FCBC,First Community Bankshares Inc.,Financial Services,27.11,0.0368600036,0.0740740741,0.100082101,1.12570451,495.611121,10.62130045,0.399185996,,39.04,25.58
FDS,Factset Research Systems Inc.,Financial Services,404.69,0.00879685685,0.0853658537,0.0681740092,3.549078667,16111.66995,37.81478532,0.323231208,,473.13,343.82
FELE,"Franklin Electric Co., Inc.",Industrials,89.42,0.0100648624,0.153846154,0.133966578,0.807189757,4469.367662,23.15326659,0.196396534,,100,67.6
FFIN,"First Financial Bankshares, Inc.",Financial Services,32.28,0.0180099677,0.133333333,N/A,0.655742924,5195.744029,22.15905333,0.399843247,,46.85,32.53
FISI,Financial Institutions Inc.,Financial Services,21.01,0.0460377399,0.0344827586,0.0456395526,1.139894441,379.695417,6.061839122,0.284262953,,32.97,22.64
FITB,Fifth Third Bancorp,Financial Services,25.41,0.0519480519,0.1,0.155789624,1.242066113,24585.13962,10.56062699,0.370766004,,46.35,30.61
FLIC,First Of Long Island Corp.,Financial Services,14.47,0.0580511403,0.05,0.0696103757,0.806108412,385.875651,8.38131302,0.40712546,,20.72,15.94
FLO,"Flowers Foods, Inc.",Consumer Defensive,27.22,0.0323291697,0.0476190476,0.040950397,0.869801769,5909.355485,25.87351456,0.812898849,,29.92,23.53
FNF,Fidelity National Financial Inc,Financial Services,33.52,0.0525059666,0.0227272727,0.0844717712,1.739631993,10373.80553,9.131871066,0.424300486,,48.77,33.8
FRME,First Merchants Corp.,Financial Services,35.56,0.030974962,0.103448276,0.0778180677,1.265327199,2436.308216,11.03985452,0.332106876,,44.36,33.29
FRT,Federal Realty Investment Trust.,Real Estate,97.19,0.0444490174,0.00934579439,0.0155112784,4.242230857,8725.128555,0,N/A,,125.35,85.52
FUL,H.B. Fuller Company,Basic Materials,65.08,0.0116779348,N/A,N/A,0.756862913,3884.891212,21.54526414,0.232166538,,81.2,56.9
GATX,GATX Corp.,Industrials,103.12,0.0213343677,0.0576923077,0.0456395526,2.094599946,3799.339,24.3703592,0.482626716,,125,84.14
GD,General Dynamics Corp.,Industrials,216.75,0.0243598616,0.0588235294,0.0626188589,4.998809654,63404.31968,18.70333914,0.410074623,,255.49,204.68
GFF,Griffon Corp.,Industrials,30.23,0.00979203497,0.111111111,0.0739409238,0.372195249,2173.648298,N/A,N/A,,43.62,16.14
GGG,Graco Inc.,Industrials,67.17,0.0139943427,0.119047619,0.121425421,0.862794337,11925.55817,25.88882582,0.324358773,,72.87,56.08
GL,Globe Life Inc,Financial Services,107.62,0.00836275785,0.0506329114,0.053366794,0.827676524,11635.68386,15.73018919,0.11080007,,123.85,87.36
GLW,"Corning, Inc.",Technology,32.81,0.0341359342,0.037037037,0.0923884641,1.076983073,29858.29189,22.68867165,0.699339658,,37.6,28.51
GNTX,Gentex Corp.,Consumer Cyclical,26.19,0.018327606,0,0.0175545772,0.476806287,6732.612095,21.44948027,0.350592858,,31.06,23.18
GPC,Genuine Parts Co.,Consumer Cyclical,163.13,0.0232943052,0.061452514,0.0570078722,3.60625216,23261.63871,19.66823289,0.433965362,,186.68,118.8
GRC,Gorman-Rupp Co.,Industrials,23.46,0.0298380222,0.0294117647,0.0696103757,0.683677605,727.785785,47.53352393,1.165293344,,38.95,22.39
GS,"Goldman Sachs Group, Inc.",Financial Services,312.19,0.0320317755,0.25,0.255943216,9.406340937,119776.3023,11.12748999,0.31291886,,384.29,272.01
GWW,W.W. Grainger Inc.,Industrials,667.74,0.0103034115,0,0.048088384,6.836668533,35121.91926,22.70324451,0.225856245,,709.21,435.43
HBAN,"Huntington Bancshares, Inc.",Financial Services,10.85,0.0571428571,0,0.070995886,0.609549082,21962.71697,10.33539622,0.420378677,,15.62,11.41
HBNC,Horizon Bancorp Inc (IN),Financial Services,11.46,0.0410283556,0.0666666667,0.0129913682,0.621169305,665.174219,7.101403035,0.29026603,,20.25,14.35
HCSG,"Healthcare Services Group, Inc.",Healthcare,13.17,0.0488149622,N/A,N/A,0.63166561,962.612397,27.79706604,1.356087614,,19.69,11.55
HD,"Home Depot, Inc.",Consumer Cyclical,287.97,0.0290308018,0.1,0.152024757,7.529462513,305531.1569,17.87254501,0.454129223,,347.25,261.21
HEI,Heico Corp.,Industrials,163.98,0.00121966093,N/A,N/A,0.189940838,20222.28519,56.52140608,0.0733362308,,177.55,126.78
HFWA,Heritage Financial Corp.,Financial Services,22.83,0.0323474377,0.0476190476,0.0529184891,0.841033379,912.774122,11.14838622,0.364083714,,34.08,22.95
HI,Hillenbrand Inc,Industrials,43.87,0.020059266,0.0114942529,0.0117679451,0.866031204,3446.252835,16.77825139,0.300705279,,53.3,35.85
HIFS,Hingham Institution For Savings,Financial Services,236.11,0.0133412393,0.105263158,0.106398022,2.391845849,595.998,0,N/A,,352.36,241.82
HMN,Horace Mann Educators Corp.,Financial Services,33.73,0.0344034899,0.03125,0.0297547786,1.26329615,1499.500013,N/A,N/A,,41.51,32.03
HNI,HNI Corp.,Industrials,26.17,0.0489109668,0.0322580645,0.0164021908,1.260612549,1335.376427,10.77785656,0.428779779,,38.27,25.96
HOMB,Home Bancshares Inc,Financial Services,21.67,0.0275891026,0.0909090909,0.103509215,0.668208065,4931.364955,16.15453268,0.425610233,,25.88,19.27
HON,Honeywell International Inc,Industrials,188.12,0.0219009143,0.0510204082,0.0669306475,3.975311708,131503.3644,26.48607541,0.546810414,,219.8,164.02
HPQ,HP Inc,Technology,27.96,0.0375536481,0.05,0.135103959,0.999817004,28190.23643,10.82574364,0.393628742,,40.48,23.86
HRL,Hormel Foods Corp.,Consumer Defensive,39.44,0.0278904665,0.0576923077,0.079608473,1.046085118,22205.63266,22.70201216,0.587688269,,54.18,40.06
HSY,Hershey Company,Consumer Defensive,244.42,0.0169380574,0.149833518,0.0956987929,3.983062677,48891.072,21.29492063,0.610899184,,244.38,198.71
HUBB,Hubbell Inc.,Industrials,234.36,0.0191158901,0.0666666667,0.0778180677,4.311215848,13563.0938,24.90926318,0.428550283,,262.14,167.86
HUM,Humana Inc.,Healthcare,483.87,0.00731601463,0.125,0.095105882,3.142544419,62513.56617,22.27853392,0.142325381,,570.43,408.89
HWKN,Hawkins Inc,Basic Materials,41.67,0.0143988481,0.0714285714,N/A,0.567114073,887.353476,15.03861496,0.201819955,,47.45,32.94
IBM,International Business Machines Corp.,Technology,123.28,0.0535366645,0.00609756098,0.00998949894,6.481483655,117210.9417,71.42653364,3.600824253,,151.35,112.8
IBOC,International Bancshares Corp.,Financial Services,43.56,0.024850402,N/A,N/A,1.221894269,3055.649441,10.17762744,0.255626416,,52.98,36.99
IDA,"Idacorp, Inc.",Utilities,106.24,0.0297439759,0.0533333333,0.0601199708,3.047240724,5217.829831,20.14746133,0.596328909,,115.55,92.15
IEX,Idex Corporation,Industrials,215.8,0.0111214087,0.111111111,0.0688987248,2.389856623,17236.27397,29.36833186,0.30956692,,245.6,170.67
IFF,International Flavors & Fragrances Inc.,Basic Materials,82.72,0.0391682785,0.0253164557,0.0325882662,3.16325209,23919.68726,N/A,N/A,,132.11,82.49
INDB,Independent Bank Corp.,Financial Services,67.4,0.0264127162,0.145833333,0.0767523259,2.060191867,3515.058378,13.32405294,0.362072384,,91.05,73.8
INGR,Ingredion Inc,Consumer Defensive,95.04,0.0298821549,0.0923076923,0.0342402125,2.689853717,6624.489968,13.4644105,0.366465084,,105.24,77.58
INTU,Intuit Inc,Technology,406.32,0.0076786769,0.147058824,0.148698355,2.912000723,114608.8129,58.89455955,0.4257311,,504.2,337.48
ITT,ITT Inc,Industrials,80.08,0.0144855145,0.0984848485,0.166967174,1.050529494,7759.741,21.14370845,0.239846916,,95.18,63.33
ITW,"Illinois Tool Works, Inc.",Industrials,228.55,0.0229271494,0.0737704918,0.109265073,5.01282568,72889.93093,24.02436748,0.513083488,,253.37,171.29
JBHT,"J.B. Hunt Transport Services, Inc.",Industrials,168.77,0.00995437578,0.05,0.118426915,1.614654242,19367.70111,19.98007028,0.175315336,,216.2,152.88
JJSF,J&J Snack Foods Corp.,Consumer Defensive,142.96,0.0195858982,N/A,N/A,2.647544598,2762.100961,64.56976789,1.192587657,,165.14,115.74
JKHY,"Jack Henry & Associates, Inc.",Technology,145.46,0.0142994638,0.0612244898,0.070435057,1.952392519,12120.84013,34.38965467,0.405060689,,211.53,162.06
JNJ,Johnson & Johnson,Healthcare,154.35,0.0292840946,0.0660377358,0.046567362,4.47396145,401112.1764,22.35729203,0.664778819,,181.77,151.23
JPM,JPMorgan Chase & Co.,Financial Services,128.26,0.0311866521,0,0.122955107,3.960398331,422842.4452,11.78096638,0.327847544,,144.34,100.54
K,Kellogg Co,Consumer Defensive,65.26,0.0361630401,0.0172413793,0.0178684435,2.320571391,22222.7874,23.26582425,0.831746018,,75.87,58.07
KALU,Kaiser Aluminum Corp,Basic Materials,65.51,0.0470157228,0,0.0696103757,3.036053546,1344.283953,N/A,N/A,,104.27,58.12
KEY,Keycorp,Financial Services,11.75,0.069787234,0.0512820513,0.113049613,0.787169715,17071.04332,9.489184728,0.407859956,,23.68,14.92
KLAC,KLA Corp.,Technology,370.31,0.0140422889,0.238095238,0.116288415,4.926600564,52834.18436,14.92182531,0.203494447,,428.08,248.54
KMB,Kimberly-Clark Corp.,Consumer Defensive,125.82,0.0375139088,0.0172413793,0.0336568843,3.44984379,42684.52534,22.07059221,0.603119544,,140.74,107.82
KO,Coca-Cola Co,Consumer Defensive,60.43,0.0304484528,0.0454545455,0.0335670246,1.74126872,257178.5596,26.95226992,0.795099872,,65.77,53.63
KR,Kroger Co.,Consumer Defensive,48.29,0.02153655,0.238095238,0.157744341,0.982048357,32913.48981,13.95822299,0.304983962,,61.49,41.34
KW,Kennedy-Wilson Holdings Inc,Real Estate,17.51,0.0561495733,0,0.0478316883,0.938820865,2306.81033,35.59892485,2.00774351,,24.16,13.75
KWR,Quaker Houghton,Basic Materials,180.38,0.00964630225,0.0481927711,0.0414829889,1.693253078,3585.479941,N/A,N/A,,216.45,128.36
LAD,"Lithia Motors, Inc.",Consumer Cyclical,211.51,0.00794288686,0,0.0768873081,1.602685411,7158.836304,5.722491051,0.0362598509,,338.6,179.28
LANC,Lancaster Colony Corp.,Consumer Defensive,195.41,0.0173993143,0.0625,0.0721450259,3.227365428,5240.69568,51.45453339,0.869909819,,213.11,115.2
LBAI,"Lakeland Bancorp, Inc.",Financial Services,17.02,0.0297912138,N/A,N/A,0.573182953,1248.552017,11.76403209,0.351645983,,20.02,13.57
LECO,"Lincoln Electric Holdings, Inc.",Industrials,163.02,0.0157035947,N/A,N/A,2.305094427,9986.942818,21.14874047,0.286703287,,176.52,117.12
LEG,"Leggett & Platt, Inc.",Consumer Cyclical,30.79,0.057161416,0.0476190476,0.0297547786,1.708210534,4620.384188,14.91408711,0.752515654,,40.91,29.89
LFUS,"Littelfuse, Inc.",Technology,250.57,0.00850625504,0.132075472,0.101513706,2.321867374,6762.266548,18.11454021,0.15541281,,279.72,191.27
LHX,L3Harris Technologies Inc,Industrials,200.78,0.0227114254,0.0178571429,0.148698355,4.446928952,40709.54697,38.33290676,0.810005274,,274.44,189.73
LII,Lennox International Inc,Industrials,241.95,0.0175242819,0.152173913,0.157569667,4.073182724,9306.263326,18.72110909,0.293245696,,278.84,180.3
LKFN,Lakeland Financial Corp.,Financial Services,67.11,0.023012452,0.15,0.120874262,1.64608069,1852.255759,17.84154579,0.407445715,,83.05,62.95
LMAT,Lemaitre Vascular Inc,Healthcare,49.79,0.00982293943,0.12,0.148698355,0.498023029,1120.333313,0,N/A,,56.09,38.01
LMT,Lockheed Martin Corp.,Industrials,473.31,0.0253533625,0.0714285714,0.0844717712,11.49349332,122004.0257,21.28472187,0.530632194,,495.83,366.6
LNC,Lincoln National Corp.,Financial Services,22.37,0.0804649084,0,0.0639953128,1.768619563,5315.231264,N/A,N/A,,67.65,28.21
LNN,Lindsay Corporation,Industrials,137.87,0.00986436498,N/A,N/A,1.345779331,1736.220834,22.90982166,0.196177745,,182.68,116.04
LNT,Alliant Energy Corp.,Utilities,53.1,0.034086629,0.0584795322,0.0619761302,1.714153889,13076.73077,19.06228975,0.627895197,,63.54,46.4
LOW,"Lowe`s Cos., Inc.",Consumer Cyclical,198.59,0.0211491012,0.3125,0.206927238,3.920454252,123550.4479,18.54833326,0.382110551,,233.55,167.36
LYB,LyondellBasell Industries NV,Basic Materials,84.16,0.0565589354,0,0.0354029363,4.701093702,31699.4789,8.176290664,0.397723663,,109.7,70.59
MA,Mastercard Incorporated,Financial Services,348.08,0.00655021834,0.163265306,0.179198639,2.035294439,341878.8645,34.42888867,0.198953513,,390,276.42
MAA,"Mid-America Apartment Communities, Inc.",Real Estate,150.83,0.0371278923,N/A,0.0286615642,4.928355794,18594.01399,29.33975963,0.899334999,,211.19,139.9
MAN,ManpowerGroup,Industrials,78.75,0.0345396825,N/A,N/A,2.698840426,4334.647287,11.59616717,0.381192151,,99.95,63
MATW,Matthews International Corp.,Industrials,35.92,0.0256124722,0.0454545455,0.0389504775,0.894111099,1185.455904,N/A,N/A,,39.64,21.99
MCD,McDonald`s Corp,Consumer Cyclical,266.34,0.0228279643,0.101449275,0.085186651,5.752634179,196823.8846,31.86192971,0.690592338,,278.48,212.86
MCHP,"Microchip Technology, Inc.",Technology,80.51,0.0177617687,0.415019763,N/A,1.255482411,45247.94109,21.84202601,0.339319571,,87.39,53.63
MCK,Mckesson Corporation,Healthcare,335.35,0.00644103176,0.14893617,0.0672491819,2.085523026,47335.7826,15.07029054,0.0965967126,,400.6,269.92
MCO,Moody`s Corp.,Financial Services,292.79,0.010519485,0.1,0.118426915,2.855862306,54707.184,39.816,0.383852461,,341.95,228.39
MCY,Mercury General Corp.,Financial Services,30.07,0.0422347855,N/A,N/A,1.870115824,1837.767705,N/A,N/A,,54.41,27.64
MDT,Medtronic Plc,Healthcare,78.41,0.0346894529,0.0793650794,0.0813099921,2.637433943,110970.6415,27.2990508,0.867576955,,111.55,75.1
MDU,MDU Resources Group Inc,Basic Materials,29.47,0.0302002036,N/A,N/A,0.865438611,6442.659975,17.5315723,0.478142879,,32.53,24.37
MGEE,"MGE Energy, Inc.",Utilities,75.76,0.0215153115,0.0516129032,0.0478993689,1.596536751,2576.640113,23.22301637,0.520044544,,84.83,60.96
MGRC,McGrath Rentcorp,Industrials,94.33,0.0197180112,0.0459770115,0.0600015393,1.806244549,2457.537927,21.34428188,0.384307351,,111.7,72.13
MKC,"McCormick & Co., Inc.",Consumer Defensive,72.92,0.0213933077,0.0540540541,N/A,1.489397241,19543.00779,28.65543665,0.591030651,,105.45,70.49
MKTX,MarketAxess Holdings Inc.,Financial Services,379.87,0.00758154105,0.0285714286,0.113824179,2.809871163,13897.11287,55.53868883,0.422537017,,388.77,216.37
MMC,"Marsh & McLennan Cos., Inc.",Financial Services,154.08,0.0153167186,0.102803738,0.0948740154,2.293001704,80946.50938,26.53983914,0.379636044,,181.15,141.77
MMM,3M Co.,Industrials,102.78,0.0583771162,0.0067114094,0.0197893452,5.862785485,61248.63,10.60398719,0.57591213,,147.85,104.45
MMP,Magellan Midstream Partners L.P.,Energy,52.12,0.0803914045,0.00963855422,0.0224369851,4.049888554,10953.47113,10.56876798,0.819815497,,59.39,42.2
MNRO,Monro Inc,Consumer Cyclical,48.86,0.0215449101,0.0769230769,0.0696103757,1.090603351,1589.283338,33.99681993,0.773477554,,55.7,36.84
MO,Altria Group Inc.,Consumer Defensive,46.87,0.0802218903,N/A,N/A,3.569500084,83082.28487,14.44658057,1.118965544,,53.63,39.29
MORN,Morningstar Inc,Financial Services,183.79,0.00816148866,0.0416666667,0.0844717712,1.451412692,8965.839564,127.1750293,0.885007739,,292.21,200.1
MRK,Merck & Co Inc,Healthcare,107.63,0.0271299823,0.0579710145,0.0874675952,2.769891912,271324.7629,18.68756546,0.485094906,,115.49,73.71
MSA,MSA Safety Inc,Industrials,131.15,0.0140297369,0.0454545455,0.0389504775,1.830714152,5330.647846,29.68744449,0.401472402,,145.84,108.02
MSEX,Middlesex Water Co.,Utilities,75.73,0.0165060082,0.0775862069,0.0690977008,1.198800476,1339.568222,31.66154297,0.501590157,,108.03,73.67
MSFT,Microsoft Corporation,Technology,265.44,0.0102471368,0.0967741935,0.101163797,2.590420759,1900328.604,28.17430361,0.28814469,,312.88,212.3
MSI,Motorola Solutions Inc,Technology,258.72,0.012132642,0.113924051,0.11095346,3.234077061,44582.17893,32.70886201,0.407828129,,274.25,193.91
NDSN,Nordson Corp.,Industrials,206.39,0.0125975096,0.274509804,0.167235319,2.450623031,12768.62437,25.69372351,0.285953679,,250.59,193.32
NEE,NextEra Energy Inc,Utilities,75.52,0.0247616525,0.1,N/A,1.72803065,147571.5265,35.58512816,0.822871738,,90.02,65.76
NFG,National Fuel Gas Co.,Energy,54.91,0.0346020761,0.043956044,0.0273752582,1.85954501,5396.632753,8.944922501,0.283900001,,74.32,56.21
NHC,National Healthcare Corp.,Healthcare,56.36,0.0404542229,0.0363636364,0.034967527,2.230373557,845.314164,37.66158006,1.53818866,,73.41,54.82
NI,NiSource Inc,Utilities,27.85,0.0340210317,0.0638297872,0.0509476404,0.942382578,11426.47005,15.25563424,0.557622827,,31.48,23.34
NJR,New Jersey Resources Corporation,Utilities,51.75,0.0301449275,0.075862069,0.0743347416,1.487130311,4975.198646,17.79837888,0.514577962,,53.53,37.78
NKE,"Nike, Inc.",Consumer Cyclical,118.17,0.0115088432,0.114754098,0.111961586,1.28456929,188666.4,26.73958351,0.362872681,,138.29,81.74
NNN,National Retail Properties Inc,Real Estate,43.43,0.0506562284,0.0377358491,0.0297547786,2.141074647,8329.079499,24.92900434,1.132843729,,47.75,37.11
NOC,Northrop Grumman Corp.,Industrials,448.9,0.01541546,0.101910828,0.0759026357,6.895116903,71534.08454,14.61071988,0.219101268,,554.25,411.74
NP,Neenah Inc,Basic Materials,32,0.0582526156,N/A,N/A,1.864083699,537.253888,N/A,N/A,0.746464261,55.11,31.05
NSP,Insperity Inc,Industrials,116.96,0.0177838577,0.155555556,0.210583275,1.996597147,4670.520893,26.0413766,0.430301109,,125.95,82.62
NUE,Nucor Corp.,Basic Materials,144.81,0.0140874249,0.02,0.0606139034,1.997344488,44936.62371,5.931315344,0.0693763282,,185.45,99.28
NUS,"Nu Skin Enterprises, Inc.",Consumer Defensive,38.85,0.0401544402,0.012987013,0.0133380457,1.523232308,2071.389867,19.76932054,0.735861019,,49.91,29.38
NWBI,Northwest Bancshares Inc,Financial Services,12.8,0.0625,0,0.0330378041,0.783548479,1751.987838,13.16482321,0.746236647,,15.13,11.55
NWE,Northwestern Corp.,Utilities,56.7,0.0451499118,0.0158730159,0.0307740034,2.478399485,3448.626409,18.84412927,0.762584457,,60.98,48.16
NWN,Northwest Natural Holding Co,Utilities,48.09,0.0403410272,N/A,N/A,1.906884803,1715.480177,19.87741071,0.750742048,,55.43,41.53
O,Realty Income Corp.,Real Estate,63.06,0.048366635,0.0262096774,0.0156390137,2.918925488,42596.99323,48.99540058,2.055581329,,73.08,54.43
OGE,Oge Energy Corp.,Utilities,35.7,0.0464985994,0.01,0.0448710975,1.621376114,7168.205897,10.76792233,0.488366299,,41.96,32.92
ORCL,Oracle Corp.,Technology,82.98,0.0192817546,0,0.109888306,1.271740995,240640.5802,27.35795592,0.401180125,,91.22,60.24
ORI,Old Republic International Corp.,Financial Services,24.01,0.0408163265,0.0652173913,0.0414231267,0.922014072,7722.809856,11.24954094,0.407970828,,26.47,19.9
OZK,Bank OZK,Financial Services,36.56,0.0371991247,N/A,N/A,1.28460594,5356.690419,9.94838948,0.293960169,,49.52,33.94
PAYX,Paychex Inc.,Industrials,107,0.0295327103,0.196969697,0.0712425456,3.128666575,40635.39396,27.70720984,0.774422419,,138.24,104.23
PB,Prosperity Bancshares Inc.,Financial Services,64.4,0.0341614907,0.0576923077,0.0884589074,2.086113507,6126.808066,11.68087926,0.364068675,,78.76,63.21
PEG,Public Service Enterprise Group Inc.,Utilities,58.62,0.0388945752,0.0555555556,0.0484131713,2.132654536,30110.73947,29.20537291,1.035269192,,73.75,52.04
PEP,PepsiCo Inc,Consumer Defensive,176.63,0.0286474551,0.0697674419,0.0439429949,4.555102532,238471.0654,26.76442933,0.709517528,,185.59,149.35
PETS,"Petmed Express, Inc.",Healthcare,17.69,0.067834935,0,0.0371372893,1.173420782,385.209741,33.78736434,2.091286369,,27.83,16.83
PFC,Premier Financial Corp,N/A,21.74,0.0480651717,0.0333333333,0.0065795151,1.180480616,874.499103,8.566465881,0.414203725,,31.12,23.16
PFE,Pfizer Inc.,Healthcare,40.28,0.040714995,0.025,0.0381521027,1.589321579,231224.9207,7.370188399,0.290552391,,54.46,39.81
PFG,Principal Financial Group Inc,Financial Services,69.69,0.0367341082,0,0.0424022163,2.529866162,21286.19701,4.423933205,0.134210406,,95.48,60.09
PG,Procter & Gamble Co.,Consumer Defensive,141.83,0.0257350349,0.0500114969,0.0495294642,3.617497851,332521.3603,23.75661644,0.648297106,,161.67,120.56
PII,Polaris Inc,Consumer Cyclical,107.42,0.0242040588,0.015625,0.0161373647,2.548409434,6606.019295,14.77526123,0.34252815,,121.79,90.82
PKG,Packaging Corp Of America,Consumer Cyclical,128.5,0.0389105058,0.25,0.0961161695,4.684159216,12766.96155,12.49335703,0.42505982,,163.65,108.49
PLOW,Douglas Dynamics Inc,Consumer Cyclical,31.95,0.0304794789,0.0172413793,0.0216807917,1.144504431,859.399077,22.69459906,0.693639049,,41.4,27.3
PM,Philip Morris International Inc,Consumer Defensive,96.18,0.0528176336,0.016,0.0348656902,4.943318793,153783.1032,17.04156729,0.850829396,,105.62,81.81
PNC,PNC Financial Services Group Inc,Financial Services,125.05,0.0479808077,0.2,0.148698355,5.917078467,61107.40529,10.70557205,0.427225882,,192.31,140.85
PNW,Pinnacle West Capital Corp.,Utilities,78.21,0.0437284235,0.0176470588,0.0447352795,3.369176444,8610.392573,17.80470836,0.790886489,,79.66,57.6
POOL,Pool Corporation,Consumer Cyclical,345.99,0.0115610278,0.25,0.173160676,3.784082755,14137.08261,18.99351562,0.202357367,,484.64,277.2
POR,Portland General Electric Co,Utilities,48.16,0.0375830565,0.0523255814,0.0588341339,1.763110905,4261.112018,18.28803441,0.678119579,,55.45,41.19
PPG,"PPG Industries, Inc.",Basic Materials,125.43,0.0197719844,0.0508474576,0.0661930203,2.432107684,32327.84184,31.50861778,0.56298789,,137.51,105.47
PRGO,Perrigo Company plc,Healthcare,35.59,0.0306265805,0.05,0.0751815646,0.774013385,5217.626469,N/A,N/A,,43.24,30.65
PRI,Primerica Inc,Financial Services,159.87,0.0162632139,0.181818182,0.210583275,2.28730564,6944.235594,18.70108258,0.234836308,,195.69,108.94
PRU,Prudential Financial Inc.,Financial Services,80.16,0.0623752495,0.0416666667,0.0679071658,4.766244994,36263.28,N/A,N/A,,116.87,83.48
QCOM,"Qualcomm, Inc.",Technology,115.49,0.025976275,0.102941176,0.0388047212,2.972760109,137814,11.7069317,0.286393074,,159.4,100.67
R,"Ryder System, Inc.",Industrials,85.92,0.0288640596,N/A,N/A,2.415991884,4596.570983,5.332448937,0.142620536,,101.72,60
RBCAA,"Republic Bancorp, Inc. (KY)",Financial Services,40.5,0.037037037,0.0967741935,0.0909660785,1.347486739,773.667087,8.780197317,0.316311441,,49.33,37.86
RGA,"Reinsurance Group Of America, Inc.",Financial Services,124.83,0.0256348634,0.095890411,0.0985605433,3.10412802,9800.409305,15.73099407,0.33740522,,152.55,95.33
RGLD,"Royal Gold, Inc.",Basic Materials,120.56,0.0124419376,0.0714285714,0.0844717712,1.418083373,7350.827438,30.75891673,0.389583344,,146.24,83.97
RHI,Robert Half International Inc.,Industrials,75.34,0.0254844704,0.11627907,0.113824179,1.755211699,8758.041776,13.31173256,0.291079884,,119.63,64.65
RJF,"Raymond James Financial, Inc.",Financial Services,87.16,0.0192748967,0.235294118,0.109332806,1.432418181,23245.04426,14.84357871,0.198671038,,125.51,83.92
RLI,RLI Corp.,Financial Services,128.12,0.00811738995,0,0.0248235633,1.03683538,6181.737693,10.59585385,0.0813842527,,140.41,100.56
RNR,RenaissanceRe Holdings Ltd,Financial Services,186.67,0.00814271174,0.027027027,0.0286175535,1.474938655,9305.744956,N/A,N/A,,223.8,123.61
ROK,Rockwell Automation Inc,Industrials,276.66,0.0170606521,0.0535714286,0.0510390113,4.55598749,34732.02064,32.4295244,0.494678338,,303.2,186.77
ROP,Roper Technologies Inc,Industrials,420.93,0.00648563894,0.100806452,0.105950631,2.536620894,45696.29501,10.05485401,0.0596150621,,485.92,355.66
RPM,"RPM International, Inc.",Basic Materials,84.19,0.019954864,0.05,0.0558928825,1.628436114,11756.22985,22.23551836,0.399126499,,105.98,73.49
RRX,Regal Rexnord Corp,N/A,139.48,0.0100372813,N/A,N/A,1.374273343,10732.74522,21.95284356,0.188514862,,162.46,107.37
RS,Reliance Steel & Aluminum Co.,Basic Materials,242.01,0.0165282426,0.142857143,0.148698355,3.476781374,16798.5065,9.129126949,0.116202586,,264.42,158.88
RSG,"Republic Services, Inc.",Industrials,132.8,0.0149096386,0.0760869565,0.0748731656,1.899729413,40750.04713,27.39314811,0.405059576,,148.07,118.42
RTX,Raytheon Technologies Corporation,Industrials,95.83,0.0229573203,0.0784313725,N/A,2.181445588,145059.8029,27.91221915,0.623270168,,108.24,79.37
SASR,Sandy Spring Bancorp,Financial Services,27.74,0.044911012,0,0.0395949882,1.340593708,1333.520512,8.051784902,0.364291768,,44.7,29.67
SBSI,Southside Bancshares Inc,Financial Services,34.07,0.0410918697,0.0294117647,0.0245691384,1.357295513,1195.930049,11.38764092,0.416348317,,41.79,30.86
SBUX,Starbucks Corp.,Consumer Cyclical,99.34,0.0213408496,0.0816326531,0.0804251218,2.015510307,120159.315,36.18275618,0.699829968,,110.28,66.89
SCI,Service Corp. International,Consumer Cyclical,65.42,0.0165087129,0.08,0.0969402405,1.01414391,10346.09719,18.3007284,0.287292892,,74.66,56.63
SCL,Stepan Co.,Basic Materials,96,0.0152083333,0.0895522388,0.101595287,1.390553514,2355.534011,16.00738015,0.217955096,,115.12,91.01
SEIC,SEI Investments Co.,Financial Services,55.26,0.0155627941,N/A,N/A,0.827081664,8132.372782,17.1039689,0.239040943,,64.69,45.96
SFNC,Simmons First National Corp.,Financial Services,18.73,0.0342819525,0.0526315789,0.059223841,0.750089121,2782.12766,10.85022409,0.364120932,,28.21,19.34
SHW,Sherwin-Williams Co.,Basic Materials,216.55,0.0111752482,0.00833333333,N/A,2.395711905,56865.05509,28.14962382,0.310325376,,282.19,194.23
SJM,J.M. Smucker Co.,Consumer Defensive,153.55,0.0265711495,0.0303030303,0.0371372893,3.987573762,16080.72282,22.64252721,0.603263807,,161.95,116.48
SJW,SJW Group,Utilities,76.36,0.0199057098,0.0555555556,0.0629800483,1.449291275,2337.553378,31.66215227,0.596416162,,83.49,54.89
SLGN,Silgan Holdings Inc.,Consumer Cyclical,51,0.0125490196,0.125,0.124746113,0.319509631,6018.019313,17.65602061,0.104074798,,55.41,38.34
SMBC,"Southern Missouri Bancorp, Inc.",Financial Services,40.65,0.0179476758,0.05,0.138060426,0.824875182,519.67836,0,N/A,,55.57,41.09
SMG,Scotts Miracle-Gro Company,Basic Materials,73.23,0.0360507989,0,0.0371372893,2.618375993,4770.79219,N/A,N/A,,135.56,38.74
SNA,"Snap-on, Inc.",Industrials,236.36,0.0274158064,0.14084507,0.145882884,6.022539033,13283.9252,14.57050038,0.358058207,,258.07,186.37
SO,Southern Company,Utilities,67.65,0.0402069475,0.0303030303,0.0253485757,2.679026128,70572.12223,20.02614138,0.821787156,,78.9,58.24
SON,Sonoco Products Co.,Consumer Cyclical,55.14,0.0355458832,0.0888888889,0.0362927139,1.947906814,5901.814952,12.6529734,0.412692122,,65.44,50.68
SPGI,S&P Global Inc,Financial Services,333.98,0.0107790886,0.168831169,0.124746113,3.441453079,115241.31,34.30866379,0.337397361,,420.46,278.59
SPTN,SpartanNash Co,Consumer Defensive,25.21,0.034113447,0.0238095238,0.0361751937,0.83155694,980.672001,28.74690746,0.885200064,,37.5,24.81
SR,Spire Inc.,Utilities,69.54,0.0414150129,0.0510948905,0.0506111218,2.734235741,3677.179087,15.25800451,0.593109705,,76.95,60.88
SRCE,1st Source Corp.,Financial Services,46.58,0.027479605,0.0322580645,0.059223841,1.258495989,1228.855746,10.28210708,0.260019832,,59.23,41.51
SRE,Sempra Energy,Utilities,146.36,0.0325225471,0.0409090909,0.0505010487,4.530425005,47465.39472,22.66733272,0.68435423,,173.97,133.82
SSB,SouthState Corporation,Financial Services,73.73,0.0246305825,0.0204081633,0.0739409238,1.964042652,6048.041774,12.19242811,0.29758222,,90.88,70.58
STAG,STAG Industrial Inc,Real Estate,32.44,0.0453144266,0.00684655658,0.00274407871,1.431856553,6134.846356,34.44820486,1.438762614,,40.78,26.07
STE,Steris Plc,Healthcare,176.39,0.0106582006,0.0930232558,0.0867940018,1.833983399,18859.07995,N/A,N/A,,254.07,158.36
STT,State Street Corp.,Financial Services,73.7,0.034192673,0.105263158,0.0844717712,2.999245162,31147.75601,11.70968271,0.417141191,,94.74,57.73
SWK,Stanley Black & Decker Inc,Industrials,79.8,0.0401002506,0.0126582278,0.0489381656,3.136731899,13352.86429,12.62204773,0.464013594,,159.08,69.54
SWX,Southwest Gas Holdings Inc,Utilities,60.53,0.0409714191,0.0420168067,0.0358042036,2.44626591,4053.624968,N/A,N/A,,93.08,57.93
SXI,Standex International Corp.,Industrials,112.97,0.0099141365,0.0769230769,0.0923884641,1.075990444,1442.364927,20.93296365,0.187781927,,121.57,78.4
SXT,Sensient Technologies Corp.,Basic Materials,70.97,0.0231083556,0,0.0443690269,1.626675321,3204.468775,22.74495713,0.487028539,,88.33,62.46
SYBT,Stock Yards Bancorp Inc,Financial Services,53.07,0.0195596298,0.0357142857,0.0474517637,1.132502565,1694.227012,18.22298124,0.352804538,,78.36,49.91
SYK,Stryker Corp.,Healthcare,273.03,0.0109878035,0.0791366906,0.09797558,2.821423835,102864.049,43.62343047,0.457281011,,284,187.62
SYY,Sysco Corp.,Consumer Defensive,74.98,0.0261403041,0.0425531915,0.0636009482,1.921878277,38709.88249,27.2585994,0.691323121,,89.84,69.7
TDS,"Telephone And Data Systems, Inc.",Communication Services,10.45,0.0708133971,0.0277777778,0.0294620682,0.704700527,1255.351085,N/A,N/A,,20.17,9.49
TEL,TE Connectivity Ltd,Technology,123.93,0.0180747196,0.12,0.0494145228,2.225678226,41291.25926,18.27855655,0.31750046,,136.48,103.85
TFC,Truist Financial Corporation,Financial Services,32.1,0.0647975078,0.0833333333,0.0675652166,2.007595165,61402.55757,10.35980388,0.453181753,,58.53,39.12
TGT,Target Corp,Consumer Defensive,159.13,0.0271476152,0.2,0.110321517,4.090397628,76403.59658,22.15881571,0.555760547,,247.48,133.73
THFF,First Financial Corp. - Indiana,Financial Services,39.54,0.0273141123,N/A,N/A,1.077643413,525.000653,8.469664967,0.215528683,,49.68,40.82
THG,Hanover Insurance Group Inc,Financial Services,125.64,0.0257879656,0.08,0.0618587588,3.034701729,4889.626685,42.15195418,0.945389947,,152.99,121.95
THO,"Thor Industries, Inc.",Consumer Cyclical,79.75,0.0225705329,0.0465116279,0.039925333,2.194792909,4926.399557,4.774813551,0.116558306,,105.36,65.11
TMP,Tompkins Financial Corp,Financial Services,68.31,0.0351339482,0.0526315789,0.0456395526,2.31444507,1082.63491,12.76993289,0.392944834,,84.35,66.99
TNC,Tennant Co.,Industrials,64.71,0.0163807758,0.06,0.0476237026,1.024062518,1338.168992,20.18354438,0.288468315,,83.97,54.25
TOWN,Townebank Portsmouth VA,Financial Services,27.3,0.0290786071,0.15,0.104383629,0.87991865,1563.796463,0,N/A,,33.18,25.77
TR,"Tootsie Roll Industries, Inc.",Consumer Defensive,44.59,0.00807355909,0,0,0.351000903,1693.733308,22.30445379,0.31909173,,46.01,29.85
TRN,"Trinity Industries, Inc.",Industrials,22.61,0.0459973463,0.130434783,0.148698355,0.936497848,2276.383017,37.8765893,1.31198914,,34.05,20.53
TRNO,Terreno Realty Corp,Real Estate,62.35,0.0229382878,0.176470588,0.127009202,1.465297825,5284.726731,26.80425406,0.561416791,,79.36,50
TROW,T. Rowe Price Group Inc.,Financial Services,106.66,0.0457528596,0.0166666667,0.117512419,4.725957099,25467.03389,16.73481002,0.705366731,,152.84,92.58
TRV,Travelers Companies Inc.,Financial Services,166.49,0.0223436843,0.0568181818,0.0384807359,3.64163544,42610.18721,15.09928675,0.309399783,,194.51,148.91
TSCO,Tractor Supply Co.,Consumer Cyclical,231.41,0.0178038978,0.119565217,0.271437763,3.765867491,25334.32296,23.26999516,0.387833933,,238.6,164.3
TSN,"Tyson Foods, Inc.",Consumer Defensive,58.14,0.0330237358,0.0434782609,0.0985605433,1.85956796,21300.8849,6.953149242,0.276310247,,97.45,58.24
TT,Trane Technologies plc,Industrials,178.58,0.0167991936,0.119402985,0.107566343,2.743977616,44465.69487,25.31494157,0.366841927,,194.52,119.18
TTC,Toro Co.,Industrials,106.89,0.0127233605,0.133333333,0.111961586,1.235266042,11915.4997,26.87654159,0.294110962,,117.66,71.4
TXN,Texas Instruments Inc.,Technology,174.39,0.0284419978,0.0782608696,0.148698355,4.729473316,159202.2341,18.27809806,0.502600778,,185.99,141.37
UBSI,"United Bankshares, Inc.",Financial Services,35.32,0.0407701019,0,0.0114972742,1.419924535,5395.205576,14.21185947,0.505311222,,43.76,32.17
UDR,UDR Inc,Real Estate,40.56,0.0414201183,0.0482758621,0.0333579274,1.878201633,14147.53783,171.4603674,7.345332942,,58.35,36.8
UGI,UGI Corp.,Utilities,34.66,0.0415464512,0.0434782609,0.0672491819,1.405670819,7879.342598,36.47843796,1.405670819,,43.33,30.9
UHT,Universal Health Realty Income Trust,Real Estate,49.13,0.0582129045,0.0141843972,0.0146047222,2.780747944,699.96727,33.17066013,1.817482316,,57.52,40.35
UMBF,UMB Financial Corp.,Financial Services,64.5,0.0235658915,0.027027027,0.0555458916,1.480311409,4309.575691,9.983218413,0.167078037,,101.64,76.97
UNH,Unitedhealth Group Inc,Healthcare,465.43,0.0141804353,0.137931034,0.128881321,6.370615305,446423.0699,22.18802534,0.300784481,,556.38,446.92
UNM,Unum Group,Financial Services,37.86,0.0348652932,0.1,0.0748731656,1.274765961,8959.128805,6.817173037,0.19611784,,46.27,25.42
UNP,Union Pacific Corp.,Industrials,192.04,0.0270776921,0.101694915,0.122339114,5.150876026,128101.7273,18.30547689,0.459489387,,272.23,181.35
UPS,"United Parcel Service, Inc.",Industrials,184.36,0.0351486223,0.0657894737,0.122263206,6.061632513,160598.0036,11.65412672,0.459214584,,214.55,150.76
USB,U.S. Bancorp.,Financial Services,35.44,0.0541760722,0.0434782609,0.0985605433,1.849543846,72131.05623,13.11235343,0.501231394,,55.61,37.96
UVV,Universal Corp.,Consumer Defensive,51.67,0.0611573447,0.0128205128,0.0104461316,3.078816137,1261.900002,14.11600203,0.860004508,,61.29,42.99
V,Visa Inc,Financial Services,216.37,0.00831908305,0.2,0.124746113,1.642551058,423018.069,23.95835612,0.229727421,,250.09,173.47
VZ,Verizon Communications Inc,Communication Services,37.06,0.0704263357,0.01953125,0.0203418523,2.526542929,160687.5212,7.559631218,0.499316784,,53.08,32.79
WABC,Westamerica Bancorporation,Financial Services,48.76,0.0344544709,0,0.00980579767,1.661815,1489.62193,12.20661398,0.366038546,,63.38,51.29
WAFD,Washington Federal Inc.,Financial Services,31.52,0.0304568528,0.0416666667,0.0801851873,0.960041061,2253.558394,8.980717539,0.250010693,,38.63,28.85
WASH,"Washington Trust Bancorp, Inc.",Financial Services,34.85,0.0642754663,0.037037037,0.0542507394,2.703084476,720.45808,10.07929713,0.657684787,,54.65,41.03
WBA,Walgreens Boots Alliance Inc,Healthcare,33.54,0.0572450805,0.00523560209,0.0371372893,1.882260967,31127.75326,N/A,N/A,,46.66,29.64
WDFC,WD-40 Co.,Basic Materials,173.71,0.0191123136,0.0641025641,0.0897750647,3.147938182,2349.974728,37.5815565,0.687322747,,207.66,144.45
WEC,WEC Energy Group Inc,Utilities,94.69,0.0329496251,0.0721649485,0.0714020279,2.911084846,28259.77963,20.06944083,0.65417637,,105.61,78.88
WHR,Whirlpool Corp.,Consumer Cyclical,128.78,0.0543562665,0,0.0875971019,6.874149209,7561.676434,N/A,N/A,,194.3,121.4
WLK,Westlake Corporation,Basic Materials,105.94,0.0134982065,0.2,0.111961586,1.362350975,15865.55547,7.098682537,0.07852167,,139.52,80.77
WM,"Waste Management, Inc.",Industrials,155.06,0.0180575261,0.0769230769,0.0852480582,2.584952906,61255.47647,27.37063292,0.4795831,,174.64,137.83
WMT,Walmart Inc,Consumer Defensive,139.64,0.0163276998,0.0178571429,0.0185311189,2.22684004,372428.0875,41.53318696,0.683079767,,159.88,116.32
WOR,"Worthington Industries, Inc.",Basic Materials,53.14,0.0233345879,0.107142857,0.0810069343,1.169702269,3113.687133,14.35580114,0.268897073,,62.83,37.79
WPC,W. P. Carey Inc,Real Estate,79.12,0.0539686552,0.00947867299,0.00966363157,4.155965742,17351.03797,28.95995415,1.389955098,,87.13,66.85
WRB,W.R. Berkley Corp.,Financial Services,60.3,0.00663349917,N/A,N/A,0.397063963,16836.85437,12.19123716,0.0803773203,,76.24,60.2
WSBC,"Wesbanco, Inc.",Financial Services,31.96,0.0438047559,0.0294117647,0.0383266701,1.350837136,2117.678934,11.63636577,0.447297065,,41,28.95
WSM,"Williams-Sonoma, Inc.",Consumer Cyclical,118.61,0.0263046961,0.0985915493,0.126484523,3.870531243,8181.803559,6.958191642,0.233445793,,174.6,99.7
WST,"West Pharmaceutical Services, Inc.",Healthcare,325.59,0.00233422402,0.0555555556,0.0629800483,0.739191086,24409.87251,41.66218213,0.0956262724,,422.87,205.87
WTRG,Essential Utilities Inc,Utilities,43.28,0.0265711645,0.0700969426,0.055571258,1.113504499,11096.57454,23.85144462,0.629098587,,51.43,37.77
XEL,"Xcel Energy, Inc.",Utilities,67.31,0.0309017977,0.0666666667,0.0647409304,1.930321719,35410.14899,20.39755126,0.608934296,,76.63,56.5
XOM,Exxon Mobil Corp.,Energy,101.62,0.0358197205,0.0340909091,0.0210464695,3.537328257,459247.8165,8.239106862,0.266766837,,118.72,73.59
XYL,Xylem Inc,Industrials,96.55,0.0136716727,0.1,0.0946087842,1.227419255,18734.52883,52.77332066,0.626234314,,118.58,71.65
YORW,York Water Co.,Utilities,44.78,0.0180884323,0.0400205233,0.0400057737,0.789863151,619.877858,33.38060624,0.580781729,,47.06,36.52
